Epoch,Loss,Validation Accuracy
1,0.26125726103782654,0.5277777777777778
2,0.27564358711242676,0.9074074074074074
3,1.219159483909607,0.8981481481481481
4,0.01103284489363432,0.8148148148148148
5,0.050413280725479126,0.8981481481481481
